"start_local","end_local","court","division","stage","round","contest_id","possible_entrants"
"05/09/2026 12:00","05/09/2026 12:30","venue.courts.1","advanced","advanced.pools","pool-round-1","advanced.pools.P3.R1.M1","advanced.team.5|advanced.team.6"
"05/09/2026 12:00","05/09/2026 12:30","venue.courts.2","advanced","advanced.pools","pool-round-1","advanced.pools.P1.R1.M5","advanced.team.11|advanced.team.2"
"05/09/2026 12:00","05/09/2026 12:30","venue.courts.3","advanced","advanced.pools","pool-round-1","advanced.pools.P2.R1.M3","advanced.team.3|advanced.team.9"
"05/09/2026 12:00","05/09/2026 12:30","venue.courts.4","beginner","beginner.pools","pool-round-1","beginner.pools.P5.R1.M3","beginner.team.17|beginner.team.8"
"05/09/2026 12:00","05/09/2026 12:30","venue.courts.5","beginner","beginner.pools","pool-round-1","beginner.pools.P3.R1.M1","beginner.team.10|beginner.team.3"
"05/09/2026 12:00","05/09/2026 12:30","venue.courts.6","advanced","advanced.pools","pool-round-1","advanced.pools.P1.R1.M2","advanced.team.1|advanced.team.10"
"05/09/2026 12:00","05/09/2026 12:30","venue.courts.7","advanced","advanced.pools","pool-round-1","advanced.pools.P2.R1.M4","advanced.team.4|advanced.team.8"
"05/09/2026 12:30","05/09/2026 13:00","venue.courts.1","intermediate","intermediate.pools","pool-round-1","intermediate.pools.P3.R1.M3","intermediate.team.13|intermediate.team.8"
"05/09/2026 12:30","05/09/2026 13:00","venue.courts.2","advanced","advanced.pools","pool-round-1","advanced.pools.P1.R1.M6","advanced.team.10|advanced.team.11"
"05/09/2026 12:30","05/09/2026 13:00","venue.courts.3","intermediate","intermediate.pools","pool-round-1","intermediate.pools.P1.R1.M5","intermediate.team.10|intermediate.team.17"
"05/09/2026 12:30","05/09/2026 13:00","venue.courts.4","advanced","advanced.pools","pool-round-1","advanced.pools.P3.R1.M3","advanced.team.6|advanced.team.7"
"05/09/2026 12:30","05/09/2026 13:00","venue.courts.5","advanced","advanced.pools","pool-round-1","advanced.pools.P2.R1.M1","advanced.team.3|advanced.team.4"
"05/09/2026 12:30","05/09/2026 13:00","venue.courts.6","advanced","advanced.pools","pool-round-1","advanced.pools.P1.R1.M1","advanced.team.1|advanced.team.2"
"05/09/2026 12:30","05/09/2026 13:00","venue.courts.7","advanced","advanced.pools","pool-round-1","advanced.pools.P2.R1.M6","advanced.team.8|advanced.team.9"
"05/09/2026 13:00","05/09/2026 13:30","venue.courts.1","intermediate","intermediate.pools","pool-round-1","intermediate.pools.P3.R1.M2","intermediate.team.13|intermediate.team.3"
"05/09/2026 13:00","05/09/2026 13:30","venue.courts.2","intermediate","intermediate.pools","pool-round-1","intermediate.pools.P1.R1.M4","intermediate.team.10|intermediate.team.11"
"05/09/2026 13:00","05/09/2026 13:30","venue.courts.3","advanced","advanced.pools","pool-round-1","advanced.pools.P2.R1.M5","advanced.team.4|advanced.team.9"
"05/09/2026 13:00","05/09/2026 13:30","venue.courts.4","advanced","advanced.pools","pool-round-1","advanced.pools.P2.R1.M2","advanced.team.3|advanced.team.8"
"05/09/2026 13:00","05/09/2026 13:30","venue.courts.5","advanced","advanced.pools","pool-round-1","advanced.pools.P3.R1.M2","advanced.team.5|advanced.team.7"
"05/09/2026 13:00","05/09/2026 13:30","venue.courts.6","advanced","advanced.pools","pool-round-1","advanced.pools.P1.R1.M3","advanced.team.1|advanced.team.11"
"05/09/2026 13:00","05/09/2026 13:30","venue.courts.7","advanced","advanced.pools","pool-round-1","advanced.pools.P1.R1.M4","advanced.team.10|advanced.team.2"
"05/09/2026 13:30","05/09/2026 14:00","venue.courts.1","intermediate","intermediate.pools","pool-round-1","intermediate.pools.P3.R1.M1","intermediate.team.3|intermediate.team.8"
"05/09/2026 13:30","05/09/2026 14:00","venue.courts.2","advanced","advanced.consolation","round-1","advanced.consolation.R1.M2","advanced.team.10|advanced.team.3"
"05/09/2026 13:30","05/09/2026 14:00","venue.courts.3","beginner","beginner.pools","pool-round-1","beginner.pools.P4.R1.M2","beginner.team.16|beginner.team.4"
"05/09/2026 13:30","05/09/2026 14:00","venue.courts.4","beginner","beginner.pools","pool-round-1","beginner.pools.P1.R1.M6","beginner.team.13|beginner.team.19"
"05/09/2026 13:30","05/09/2026 14:00","venue.courts.5","beginner","beginner.pools","pool-round-1","beginner.pools.P2.R1.M2","beginner.team.14|beginner.team.2"
"05/09/2026 13:30","05/09/2026 14:00","venue.courts.6","advanced","advanced.consolation","round-1","advanced.consolation.R1.M3","advanced.team.11|advanced.team.6"
"05/09/2026 13:30","05/09/2026 14:00","venue.courts.7","advanced","advanced.consolation","round-1","advanced.consolation.R1.M4","advanced.team.4|advanced.team.7"
"05/09/2026 14:00","05/09/2026 14:30","venue.courts.1","intermediate","intermediate.pools","pool-round-1","intermediate.pools.P4.R1.M1","intermediate.team.4|intermediate.team.7"
"05/09/2026 14:00","05/09/2026 14:30","venue.courts.2","intermediate","intermediate.pools","pool-round-1","intermediate.pools.P2.R1.M3","intermediate.team.16|intermediate.team.2"
"05/09/2026 14:00","05/09/2026 14:30","venue.courts.3","beginner","beginner.pools","pool-round-1","beginner.pools.P3.R1.M3","beginner.team.10|beginner.team.15"
"05/09/2026 14:00","05/09/2026 14:30","venue.courts.4","beginner","beginner.pools","pool-round-1","beginner.pools.P5.R1.M2","beginner.team.17|beginner.team.5"
"05/09/2026 14:00","05/09/2026 14:30","venue.courts.5","beginner","beginner.pools","pool-round-1","beginner.pools.P4.R1.M3","beginner.team.16|beginner.team.9"
"05/09/2026 14:00","05/09/2026 14:30","venue.courts.6","beginner","beginner.pools","pool-round-1","beginner.pools.P2.R1.M1","beginner.team.11|beginner.team.2"
"05/09/2026 14:00","05/09/2026 14:30","venue.courts.7","beginner","beginner.pools","pool-round-1","beginner.pools.P1.R1.M5","beginner.team.12|beginner.team.19"
"05/09/2026 14:30","05/09/2026 15:00","venue.courts.1","intermediate","intermediate.pools","pool-round-1","intermediate.pools.P2.R1.M6","intermediate.team.12|intermediate.team.16"
"05/09/2026 14:30","05/09/2026 15:00","venue.courts.2","intermediate","intermediate.pools","pool-round-1","intermediate.pools.P1.R1.M1","intermediate.team.1|intermediate.team.10"
"05/09/2026 14:30","05/09/2026 15:00","venue.courts.3","beginner","beginner.pools","pool-round-1","beginner.pools.P3.R1.M2","beginner.team.15|beginner.team.3"
"05/09/2026 14:30","05/09/2026 15:00","venue.courts.4","beginner","beginner.pools","pool-round-1","beginner.pools.P1.R1.M4","beginner.team.12|beginner.team.13"
"05/09/2026 14:30","05/09/2026 15:00","venue.courts.5","beginner","beginner.pools","pool-round-1","beginner.pools.P1.R1.M3","beginner.team.1|beginner.team.19"
"05/09/2026 14:30","05/09/2026 15:00","venue.courts.6","beginner","beginner.pools","pool-round-1","beginner.pools.P6.R1.M3","beginner.team.18|beginner.team.7"
"05/09/2026 14:30","05/09/2026 15:20","venue.courts.7","advanced","advanced.main","round-1","advanced.main.R1.M2","advanced.team.1|advanced.team.5"
"05/09/2026 15:00","05/09/2026 15:30","venue.courts.1","intermediate","intermediate.pools","pool-round-1","intermediate.pools.P2.R1.M5","intermediate.team.16|intermediate.team.9"
"05/09/2026 15:00","05/09/2026 15:30","venue.courts.2","intermediate","intermediate.pools","pool-round-1","intermediate.pools.P1.R1.M2","intermediate.team.1|intermediate.team.11"
"05/09/2026 15:00","05/09/2026 15:30","venue.courts.3","beginner","beginner.pools","pool-round-1","beginner.pools.P4.R1.M1","beginner.team.4|beginner.team.9"
"05/09/2026 15:00","05/09/2026 15:30","venue.courts.4","beginner","beginner.pools","pool-round-1","beginner.pools.P6.R1.M1","beginner.team.6|beginner.team.7"
"05/09/2026 15:00","05/09/2026 15:30","venue.courts.5","beginner","beginner.pools","pool-round-1","beginner.pools.P1.R1.M2","beginner.team.1|beginner.team.13"
"05/09/2026 15:00","05/09/2026 15:30","venue.courts.6","beginner","beginner.pools","pool-round-1","beginner.pools.P5.R1.M1","beginner.team.5|beginner.team.8"
"05/09/2026 15:30","05/09/2026 16:00","venue.courts.1","intermediate","intermediate.pools","pool-round-1","intermediate.pools.P4.R1.M3","intermediate.team.14|intermediate.team.7"
"05/09/2026 15:30","05/09/2026 16:00","venue.courts.2","intermediate","intermediate.pools","pool-round-1","intermediate.pools.P1.R1.M3","intermediate.team.1|intermediate.team.17"
"05/09/2026 15:30","05/09/2026 16:00","venue.courts.3","beginner","beginner.pools","pool-round-1","beginner.pools.P2.R1.M3","beginner.team.11|beginner.team.14"
"05/09/2026 15:30","05/09/2026 16:00","venue.courts.4","intermediate","intermediate.pools","pool-round-1","intermediate.pools.P2.R1.M4","intermediate.team.12|intermediate.team.9"
"05/09/2026 15:30","05/09/2026 16:00","venue.courts.5","intermediate","intermediate.pools","pool-round-1","intermediate.pools.P5.R1.M2","intermediate.team.15|intermediate.team.5"
"05/09/2026 15:30","05/09/2026 16:00","venue.courts.6","beginner","beginner.pools","pool-round-1","beginner.pools.P1.R1.M1","beginner.team.1|beginner.team.12"
"05/09/2026 15:30","05/09/2026 16:00","venue.courts.7","beginner","beginner.pools","pool-round-1","beginner.pools.P6.R1.M2","beginner.team.18|beginner.team.6"
"05/09/2026 16:00","05/09/2026 16:30","venue.courts.1","intermediate","intermediate.pools","pool-round-1","intermediate.pools.P5.R1.M1","intermediate.team.5|intermediate.team.6"
"05/09/2026 16:00","05/09/2026 16:30","venue.courts.2","intermediate","intermediate.pools","pool-round-1","intermediate.pools.P2.R1.M1","intermediate.team.2|intermediate.team.9"
"05/09/2026 16:00","05/09/2026 16:30","venue.courts.3","beginner","beginner.consolation","round-1","beginner.consolation.R1.M5","beginner.team.12|beginner.team.8"
"05/09/2026 16:00","05/09/2026 16:30","venue.courts.4","beginner","beginner.main","round-1","beginner.main.R1.M1","beginner.team.2|beginner.team.4"
"05/09/2026 16:00","05/09/2026 16:30","venue.courts.5","beginner","beginner.consolation","round-1","beginner.consolation.R1.M6","beginner.team.15|beginner.team.16"
"05/09/2026 16:00","05/09/2026 16:30","venue.courts.6","beginner","beginner.consolation","round-1","beginner.consolation.R1.M8","beginner.team.10|beginner.team.14"
"05/09/2026 16:00","05/09/2026 16:30","venue.courts.7","intermediate","intermediate.pools","pool-round-1","intermediate.pools.P1.R1.M6","intermediate.team.11|intermediate.team.17"
"05/09/2026 16:30","05/09/2026 17:00","venue.courts.1","intermediate","intermediate.pools","pool-round-1","intermediate.pools.P4.R1.M2","intermediate.team.14|intermediate.team.4"
"05/09/2026 16:30","05/09/2026 17:00","venue.courts.2","beginner","beginner.consolation","round-1","beginner.consolation.R1.M3","beginner.team.6|beginner.team.9"
"05/09/2026 16:30","05/09/2026 17:00","venue.courts.3","intermediate","intermediate.pools","pool-round-1","intermediate.pools.P5.R1.M3","intermediate.team.15|intermediate.team.6"
"05/09/2026 16:30","05/09/2026 17:00","venue.courts.4","beginner","beginner.consolation","round-1","beginner.consolation.R1.M2","beginner.team.11|beginner.team.17"
"05/09/2026 16:30","05/09/2026 17:00","venue.courts.5","beginner","beginner.consolation","round-1","beginner.consolation.R1.M4","beginner.team.13|beginner.team.5"
"05/09/2026 16:30","05/09/2026 17:00","venue.courts.6","intermediate","intermediate.pools","pool-round-1","intermediate.pools.P2.R1.M2","intermediate.team.12|intermediate.team.2"
"05/09/2026 16:30","05/09/2026 17:20","venue.courts.7","advanced","advanced.main","round-1","advanced.main.R1.M1","advanced.team.2|advanced.team.8"
"05/09/2026 17:00","05/09/2026 17:50","venue.courts.1","intermediate","intermediate.main","round-1","intermediate.main.R1.M2","intermediate.team.1|intermediate.team.4"
"05/09/2026 17:00","05/09/2026 17:30","venue.courts.2","intermediate","intermediate.consolation","round-1","intermediate.consolation.R1.M8","intermediate.team.3|intermediate.team.8"
"05/09/2026 17:00","05/09/2026 17:30","venue.courts.3","beginner","beginner.main","round-1","beginner.main.R1.M2","beginner.team.1|beginner.team.18"
"05/09/2026 17:00","05/09/2026 17:30","venue.courts.4","beginner","beginner.consolation","round-2","beginner.consolation.R2.M1","beginner.team.11|beginner.team.17|beginner.team.3"
"05/09/2026 17:00","05/09/2026 17:30","venue.courts.5","intermediate","intermediate.consolation","round-1","intermediate.consolation.R1.M4","intermediate.team.10|intermediate.team.7"
"05/09/2026 17:00","05/09/2026 17:30","venue.courts.6","intermediate","intermediate.consolation","round-1","intermediate.consolation.R1.M3","intermediate.team.2|intermediate.team.5"
"05/09/2026 17:20","05/09/2026 18:10","venue.courts.7","intermediate","intermediate.main","round-1","intermediate.main.R1.M1","intermediate.team.12|intermediate.team.13"
"05/09/2026 17:30","05/09/2026 18:00","venue.courts.2","intermediate","intermediate.consolation","round-2","intermediate.consolation.R2.M2","intermediate.team.10|intermediate.team.2|intermediate.team.5|intermediate.team.7"
"05/09/2026 17:30","05/09/2026 18:00","venue.courts.3","intermediate","intermediate.consolation","round-1","intermediate.consolation.R1.M2","intermediate.team.11|intermediate.team.15"
"05/09/2026 17:30","05/09/2026 18:00","venue.courts.4","intermediate","intermediate.consolation","round-1","intermediate.consolation.R1.M6","intermediate.team.14|intermediate.team.16"
"05/09/2026 17:30","05/09/2026 18:00","venue.courts.5","beginner","beginner.consolation","round-1","beginner.consolation.R1.M7","beginner.team.19|beginner.team.7"
"05/09/2026 17:30","05/09/2026 18:00","venue.courts.6","beginner","beginner.consolation","round-2","beginner.consolation.R2.M2","beginner.team.13|beginner.team.5|beginner.team.6|beginner.team.9"
"05/09/2026 17:50","05/09/2026 18:20","venue.courts.1","intermediate","intermediate.consolation","round-2","intermediate.consolation.R2.M4","intermediate.team.17|intermediate.team.3|intermediate.team.8"
"05/09/2026 18:00","05/09/2026 18:30","venue.courts.2","beginner","beginner.consolation","round-2","beginner.consolation.R2.M4","beginner.team.10|beginner.team.14|beginner.team.19|beginner.team.7"
"05/09/2026 18:00","05/09/2026 18:30","venue.courts.3","beginner","beginner.consolation","round-2","beginner.consolation.R2.M3","beginner.team.12|beginner.team.15|beginner.team.16|beginner.team.8"
"05/09/2026 18:00","05/09/2026 18:30","venue.courts.4","advanced","advanced.consolation","semifinal","advanced.consolation.R2.M1","advanced.team.10|advanced.team.3|advanced.team.9"
"05/09/2026 18:00","05/09/2026 18:30","venue.courts.5","intermediate","intermediate.consolation","round-2","intermediate.consolation.R2.M3","intermediate.team.14|intermediate.team.16|intermediate.team.9"
"05/09/2026 18:00","05/09/2026 18:30","venue.courts.6","intermediate","intermediate.consolation","round-2","intermediate.consolation.R2.M1","intermediate.team.11|intermediate.team.15|intermediate.team.6"
"05/09/2026 18:20","05/09/2026 19:20","venue.courts.1","intermediate","intermediate.main","final","intermediate.main.R2.M1","intermediate.team.1|intermediate.team.12|intermediate.team.13|intermediate.team.4"
"05/09/2026 18:30","05/09/2026 19:00","venue.courts.2","intermediate","intermediate.consolation","semifinal","intermediate.consolation.R3.M2","intermediate.team.14|intermediate.team.16|intermediate.team.17|intermediate.team.3|intermediate.team.8|intermediate.team.9"
"05/09/2026 18:30","05/09/2026 19:30","venue.courts.3","advanced","advanced.main","final","advanced.main.R2.M1","advanced.team.1|advanced.team.2|advanced.team.5|advanced.team.8"
"05/09/2026 18:30","05/09/2026 19:00","venue.courts.4","beginner","beginner.consolation","semifinal","beginner.consolation.R3.M2","beginner.team.10|beginner.team.12|beginner.team.14|beginner.team.15|beginner.team.16|beginner.team.19|beginner.team.7|beginner.team.8"
"05/09/2026 18:30","05/09/2026 19:00","venue.courts.5","beginner","beginner.consolation","semifinal","beginner.consolation.R3.M1","beginner.team.11|beginner.team.13|beginner.team.17|beginner.team.3|beginner.team.5|beginner.team.6|beginner.team.9"
"05/09/2026 18:30","05/09/2026 19:00","venue.courts.6","advanced","advanced.consolation","semifinal","advanced.consolation.R2.M2","advanced.team.11|advanced.team.4|advanced.team.6|advanced.team.7"
"05/09/2026 18:30","05/09/2026 19:00","venue.courts.7","intermediate","intermediate.consolation","semifinal","intermediate.consolation.R3.M1","intermediate.team.10|intermediate.team.11|intermediate.team.15|intermediate.team.2|intermediate.team.5|intermediate.team.6|intermediate.team.7"
"05/09/2026 19:00","05/09/2026 19:30","venue.courts.2","intermediate","intermediate.consolation","final","intermediate.consolation.R4.M1","intermediate.team.10|intermediate.team.11|intermediate.team.14|intermediate.team.15|intermediate.team.16|intermediate.team.17|intermediate.team.2|intermediate.team.3|intermediate.team.5|intermediate.team.6|intermediate.team.7|intermediate.team.8|intermediate.team.9"
"05/09/2026 19:00","05/09/2026 19:30","venue.courts.4","beginner","beginner.consolation","final","beginner.consolation.R4.M1","beginner.team.10|beginner.team.11|beginner.team.12|beginner.team.13|beginner.team.14|beginner.team.15|beginner.team.16|beginner.team.17|beginner.team.19|beginner.team.3|beginner.team.5|beginner.team.6|beginner.team.7|beginner.team.8|beginner.team.9"
"05/09/2026 19:00","05/09/2026 19:30","venue.courts.5","beginner","beginner.main","final","beginner.main.R2.M1","beginner.team.1|beginner.team.18|beginner.team.2|beginner.team.4"
"05/09/2026 19:00","05/09/2026 19:30","venue.courts.6","advanced","advanced.consolation","final","advanced.consolation.R3.M1","advanced.team.10|advanced.team.11|advanced.team.3|advanced.team.4|advanced.team.6|advanced.team.7|advanced.team.9"
